name,x,y,w,h,u0,v0,u1,v1
UI/ASFstorage,138,2,64,64,0.13476562,0.00195312,0.19726562,0.06445312
UI/Anomaly,210,2,64,64,0.20507812,0.00195312,0.26757812,0.06445312
UI/BedroomTab,282,2,64,64,0.27539062,0.00195312,0.33789062,0.06445312
UI/Biotech,354,2,64,64,0.34570312,0.00195312,0.40820312,0.06445312
UI/BiotechnologyDesignation,426,2,64,64,0.41601562,0.00195312,0.47851562,0.06445312
UI/Blueprints,498,2,64,64,0.48632812,0.00195312,0.54882812,0.06445312
UI/Cluster,570,2,64,64,0.55664062,0.00195312,0.61914062,0.06445312
UI/DE_Fungal,642,2,64,64,0.62695312,0.00195312,0.68945312,0.06445312
UI/DecorationTab,714,2,64,64,0.69726562,0.00195312,0.75976562,0.06445312
UI/Eaves,786,2,64,64,0.76757812,0.00195312,0.83007812,0.06445312
UI/ExtraIcon01,858,2,64,64,0.83789062,0.00195312,0.90039062,0.06445312
UI/ExtraIcon02,930,2,64,64,0.90820312,0.00195312,0.97070312,0.06445312
UI/ExtraIcon04,930,74,64,64,0.90820312,0.07226562,0.97070312,0.13476562
UI/ExtraIcon05,930,146,64,64,0.90820312,0.14257812,0.97070312,0.20507812
UI/Fences,930,218,64,64,0.90820312,0.21289062,0.97070312,0.27539062
UI/Ferny_AerialTransport,930,290,64,64,0.90820312,0.28320312,0.97070312,0.34570312
UI/Ferny_AirManagement,930,362,64,64,0.90820312,0.35351562,0.97070312,0.41601562
UI/Ferny_AmmunitionNetwork,930,434,64,64,0.90820312,0.42382812,0.97070312,0.48632812
UI/Ferny_Androids,930,506,64,64,0.90820312,0.49414062,0.97070312,0.55664062
UI/Ferny_Aquarium,930,578,64,64,0.90820312,0.56445312,0.97070312,0.62695312
UI/Ferny_AstrofuelNetwork,930,650,64,64,0.90820312,0.63476562,0.97070312,0.69726562
UI/Ferny_Athletics,930,722,64,64,0.90820312,0.70507812,0.97070312,0.76757812
UI/Ferny_Automation,930,794,64,64,0.90820312,0.77539062,0.97070312,0.83789062
UI/Ferny_Auxiliaries,930,866,64,64,0.90820312,0.84570312,0.97070312,0.90820312
UI/Ferny_Barricades,930,938,64,64,0.90820312,0.91601562,0.97070312,0.97851562
UI/Ferny_Bedroom,858,74,64,64,0.83789062,0.07226562,0.90039062,0.13476562
UI/Ferny_Biohazards,858,146,64,64,0.83789062,0.14257812,0.90039062,0.20507812
UI/Ferny_Biotech,858,218,64,64,0.83789062,0.21289062,0.90039062,0.27539062
UI/Ferny_ChemfuelNetwork,858,290,64,64,0.83789062,0.28320312,0.90039062,0.34570312
UI/Ferny_Childhood,858,362,64,64,0.83789062,0.35351562,0.90039062,0.41601562
UI/Ferny_Colony,858,434,64,64,0.83789062,0.42382812,0.90039062,0.48632812
UI/Ferny_ColonyLocations,858,506,64,64,0.83789062,0.49414062,0.90039062,0.55664062
UI/Ferny_CombatEquipment,858,578,64,64,0.83789062,0.56445312,0.90039062,0.62695312
UI/Ferny_CombatInfrastructure,858,650,64,64,0.83789062,0.63476562,0.90039062,0.69726562
UI/Ferny_Concealed,858,722,64,64,0.83789062,0.70507812,0.90039062,0.76757812
UI/Ferny_Control,858,794,64,64,0.83789062,0.77539062,0.90039062,0.83789062
UI/Ferny_Cooling,858,866,64,64,0.83789062,0.84570312,0.90039062,0.90820312
UI/Ferny_CreativeProduction,858,938,64,64,0.83789062,0.91601562,0.90039062,0.97851562
UI/Ferny_Deathrest,786,74,64,64,0.76757812,0.07226562,0.83007812,0.13476562
UI/Ferny_DecoArt,786,146,64,64,0.76757812,0.14257812,0.83007812,0.20507812
UI/Ferny_DecoHanging,786,218,64,64,0.76757812,0.21289062,0.83007812,0.27539062
UI/Ferny_DecoOutdoor,786,290,64,64,0.76757812,0.28320312,0.83007812,0.34570312
UI/Ferny_DecoRugs,786,362,64,64,0.76757812,0.35351562,0.83007812,0.41601562
UI/Ferny_Decorations,786,434,64,64,0.76757812,0.42382812,0.83007812,0.48632812
UI/Ferny_Doors,786,506,64,64,0.76757812,0.49414062,0.83007812,0.55664062
UI/Ferny_Doors Old,786,578,64,64,0.76757812,0.56445312,0.83007812,0.62695312
UI/Ferny_Drones,786,650,64,64,0.76757812,0.63476562,0.83007812,0.69726562
UI/Ferny_DyeNetwork,786,722,64,64,0.76757812,0.70507812,0.83007812,0.76757812
UI/Ferny_Elevation,786,794,64,64,0.76757812,0.77539062,0.83007812,0.83789062
UI/Ferny_Enhancement,786,866,64,64,0.76757812,0.84570312,0.83007812,0.90820312
UI/Ferny_Explosives,786,938,64,64,0.76757812,0.91601562,0.83007812,0.97851562
UI/Ferny_Farming,714,74,64,64,0.69726562,0.07226562,0.75976562,0.13476562
UI/Ferny_Filth,714,146,64,64,0.69726562,0.14257812,0.75976562,0.20507812
UI/Ferny_Firefoam,714,218,64,64,0.69726562,0.21289062,0.75976562,0.27539062
UI/Ferny_Fixtures,714,290,64,64,0.69726562,0.28320312,0.75976562,0.34570312
UI/Ferny_FloorsCarpet,714,362,64,64,0.69726562,0.35351562,0.75976562,0.41601562
UI/Ferny_FloorsConcrete,714,434,64,64,0.69726562,0.42382812,0.75976562,0.48632812
UI/Ferny_FloorsMetal,714,506,64,64,0.69726562,0.49414062,0.75976562,0.55664062
UI/Ferny_FloorsStone,714,578,64,64,0.69726562,0.56445312,0.75976562,0.62695312
UI/Ferny_FloorsWood,714,650,64,64,0.69726562,0.63476562,0.75976562,0.69726562
UI/Ferny_FoundationalProduction,714,722,64,64,0.69726562,0.70507812,0.75976562,0.76757812
UI/Ferny_Foundations,714,794,64,64,0.69726562,0.77539062,0.75976562,0.83789062
UI/Ferny_Framing,714,866,64,64,0.69726562,0.84570312,0.75976562,0.90820312
UI/Ferny_GearStorage,714,938,64,64,0.69726562,0.91601562,0.75976562,0.97851562
UI/Ferny_GeneralStorage,642,74,64,64,0.62695312,0.07226562,0.68945312,0.13476562
UI/Ferny_GroundTransport,642,146,64,64,0.62695312,0.14257812,0.68945312,0.20507812
UI/Ferny_Hacking,642,218,64,64,0.62695312,0.21289062,0.68945312,0.27539062
UI/Ferny_Heating,642,290,64,64,0.62695312,0.28320312,0.68945312,0.34570312
UI/Ferny_HelixienGasNetwork,642,362,64,64,0.62695312,0.35351562,0.68945312,0.41601562
UI/Ferny_HemogenNetwork,642,434,64,64,0.62695312,0.42382812,0.68945312,0.48632812
UI/Ferny_Hosting,642,506,64,64,0.62695312,0.49414062,0.68945312,0.55664062
UI/Ferny_InformationStorage,642,578,64,64,0.62695312,0.56445312,0.68945312,0.62695312
UI/Ferny_Jousting,642,650,64,64,0.62695312,0.63476562,0.68945312,0.69726562
UI/Ferny_Kitchen,642,722,64,64,0.62695312,0.70507812,0.68945312,0.76757812
UI/Ferny_Life,642,794,64,64,0.62695312,0.77539062,0.68945312,0.83789062
UI/Ferny_Lighting,642,866,64,64,0.62695312,0.84570312,0.68945312,0.90820312
UI/Ferny_LuciferiumNetwork,642,938,64,64,0.62695312,0.91601562,0.68945312,0.97851562
UI/Ferny_Management,570,74,64,64,0.55664062,0.07226562,0.61914062,0.13476562
UI/Ferny_Market,570,146,64,64,0.55664062,0.14257812,0.61914062,0.20507812
UI/Ferny_Mechanoids,570,218,64,64,0.55664062,0.21289062,0.61914062,0.27539062
UI/Ferny_Medical,570,290,64,64,0.55664062,0.28320312,0.61914062,0.34570312
UI/Ferny_Meditation,570,362,64,64,0.55664062,0.35351562,0.61914062,0.41601562
UI/Ferny_Memorial,570,434,64,64,0.55664062,0.42382812,0.61914062,0.48632812
UI/Ferny_MilitaryTransport,570,506,64,64,0.55664062,0.49414062,0.61914062,0.55664062
UI/Ferny_MilkPipeNetwork,570,578,64,64,0.55664062,0.56445312,0.61914062,0.62695312
UI/Ferny_Museum,570,650,64,64,0.55664062,0.63476562,0.61914062,0.69726562
UI/Ferny_NavalTransport,570,722,64,64,0.55664062,0.70507812,0.61914062,0.76757812
UI/Ferny_NeutroamineNetwork,570,794,64,64,0.55664062,0.77539062,0.61914062,0.83789062
UI/Ferny_NutrientPasteNetwork,570,866,64,64,0.55664062,0.84570312,0.61914062,0.90820312
UI/Ferny_Outreach,570,938,64,64,0.55664062,0.91601562,0.61914062,0.97851562
UI/Ferny_OxygenNetwork,498,74,64,64,0.48632812,0.07226562,0.54882812,0.13476562
UI/Ferny_Personas,498,146,64,64,0.48632812,0.14257812,0.54882812,0.20507812
UI/Ferny_PlatformTransport,498,218,64,64,0.48632812,0.21289062,0.54882812,0.27539062
UI/Ferny_Pollution,498,290,64,64,0.48632812,0.28320312,0.54882812,0.34570312
UI/Ferny_PowerGeneration,498,362,64,64,0.48632812,0.35351562,0.54882812,0.41601562
UI/Ferny_PowerManagement,498,434,64,64,0.48632812,0.42382812,0.54882812,0.48632812
UI/Ferny_PowerStorage,498,506,64,64,0.48632812,0.49414062,0.54882812,0.55664062
UI/Ferny_Prisoners,498,578,64,64,0.48632812,0.56445312,0.54882812,0.62695312
UI/Ferny_ProcessingProduction,498,650,64,64,0.48632812,0.63476562,0.54882812,0.69726562
UI/Ferny_ProcessingProductionOld,498,722,64,64,0.48632812,0.70507812,0.54882812,0.76757812
UI/Ferny_Production,498,794,64,64,0.48632812,0.77539062,0.54882812,0.83789062
UI/Ferny_ProductionInfrastructure,498,866,64,64,0.48632812,0.84570312,0.54882812,0.90820312
UI/Ferny_Ranching,498,938,64,64,0.48632812,0.91601562,0.54882812,0.97851562
UI/Ferny_ResearchProduction,426,74,64,64,0.41601562,0.07226562,0.47851562,0.13476562
UI/Ferny_ResourcesStorage,426,146,64,64,0.41601562,0.14257812,0.47851562,0.20507812
UI/Ferny_Seating,426,218,64,64,0.41601562,0.21289062,0.47851562,0.27539062
UI/Ferny_Sleeving,426,290,64,64,0.41601562,0.28320312,0.47851562,0.34570312
UI/Ferny_Space,426,362,64,64,0.41601562,0.35351562,0.47851562,0.41601562
UI/Ferny_SpaceCombat,426,434,64,64,0.41601562,0.42382812,0.47851562,0.48632812
UI/Ferny_SpacePlatform,426,506,64,64,0.41601562,0.49414062,0.47851562,0.55664062
UI/Ferny_SpacePower,426,578,64,64,0.41601562,0.56445312,0.47851562,0.62695312
UI/Ferny_SpaceProduction,426,650,64,64,0.41601562,0.63476562,0.47851562,0.69726562
UI/Ferny_SpaceVacuum,426,722,64,64,0.41601562,0.70507812,0.47851562,0.76757812
UI/Ferny_Spaceport,426,794,64,64,0.41601562,0.77539062,0.47851562,0.83789062
UI/Ferny_SteamConstructs,426,866,64,64,0.41601562,0.84570312,0.47851562,0.90820312
UI/Ferny_SteelNetwork,426,938,64,64,0.41601562,0.91601562,0.47851562,0.97851562
UI/Ferny_Storage,354,74,64,64,0.34570312,0.07226562,0.40820312,0.13476562
UI/Ferny_Summon,354,146,64,64,0.34570312,0.14257812,0.40820312,0.20507812
UI/Ferny_Supports,354,218,64,64,0.34570312,0.21289062,0.40820312,0.27539062
UI/Ferny_Tables,354,290,64,64,0.34570312,0.28320312,0.40820312,0.34570312
UI/Ferny_Terraforming,354,362,64,64,0.34570312,0.35351562,0.40820312,0.41601562
UI/Ferny_ToxicWasteNetwork,354,434,64,64,0.34570312,0.42382812,0.40820312,0.48632812
UI/Ferny_Transport,354,506,64,64,0.34570312,0.49414062,0.40820312,0.55664062
UI/Ferny_TransportInfrastructure,354,578,64,64,0.34570312,0.56445312,0.40820312,0.62695312
UI/Ferny_Traps,354,650,64,64,0.34570312,0.63476562,0.40820312,0.69726562
UI/Ferny_UraniumNetwork,354,722,64,64,0.34570312,0.70507812,0.40820312,0.76757812
UI/Ferny_VehicleStorage,354,794,64,64,0.34570312,0.77539062,0.40820312,0.83789062
UI/Ferny_Walls,354,866,64,64,0.34570312,0.84570312,0.40820312,0.90820312
UI/Ferny_Windows,354,938,64,64,0.34570312,0.91601562,0.40820312,0.97851562
UI/Ferny_WoodNetwork,282,74,64,64,0.27539062,0.07226562,0.33789062,0.13476562
UI/Ferny_World,282,146,64,64,0.27539062,0.14257812,0.33789062,0.20507812
UI/Floors,282,218,64,64,0.27539062,0.21289062,0.33789062,0.27539062
UI/Free,2,2,128,128,0.00195312,0.00195312,0.12695312,0.12695312
UI/GasChem,282,290,64,64,0.27539062,0.28320312,0.33789062,0.34570312
UI/HospitalTab,282,362,64,64,0.27539062,0.35351562,0.33789062,0.41601562
UI/Hygiene,282,434,64,64,0.27539062,0.42382812,0.33789062,0.48632812
UI/Ideology,282,506,64,64,0.27539062,0.49414062,0.33789062,0.55664062
UI/Intelligences,282,578,64,64,0.27539062,0.56445312,0.33789062,0.62695312
UI/Joy,282,650,64,64,0.27539062,0.63476562,0.33789062,0.69726562
UI/KitchenTab,282,722,64,64,0.27539062,0.70507812,0.33789062,0.76757812
UI/LightsTab,282,794,64,64,0.27539062,0.77539062,0.33789062,0.83789062
UI/MapEdit,282,866,64,64,0.27539062,0.84570312,0.33789062,0.90820312
UI/Misc,282,938,64,64,0.27539062,0.91601562,0.33789062,0.97851562
UI/MultiFloors,210,74,64,64,0.20507812,0.07226562,0.26757812,0.13476562
UI/NutrientSolutionPipeSystem,210,146,64,64,0.20507812,0.14257812,0.26757812,0.20507812
UI/Odyssey,210,218,64,64,0.20507812,0.21289062,0.26757812,0.27539062
UI/Orders,210,290,64,64,0.20507812,0.28320312,0.26757812,0.34570312
UI/Pathing,210,362,64,64,0.20507812,0.35351562,0.26757812,0.41601562
UI/Planning,210,434,64,64,0.20507812,0.42382812,0.26757812,0.48632812
UI/Power,210,506,64,64,0.20507812,0.49414062,0.26757812,0.55664062
UI/Production,210,578,64,64,0.20507812,0.56445312,0.26757812,0.62695312
UI/Radiology,210,650,64,64,0.20507812,0.63476562,0.26757812,0.69726562
UI/ResearchTab,210,722,64,64,0.20507812,0.70507812,0.26757812,0.76757812
UI/Security,210,794,64,64,0.20507812,0.77539062,0.26757812,0.83789062
UI/Ship,210,866,64,64,0.20507812,0.84570312,0.26757812,0.90820312
UI/Spots,210,938,64,64,0.20507812,0.91601562,0.26757812,0.97851562
UI/Structure,138,74,64,64,0.13476562,0.07226562,0.19726562,0.13476562
UI/Temperature,138,146,64,64,0.13476562,0.14257812,0.19726562,0.20507812
UI/VFEFactory_Factories,138,218,64,64,0.13476562,0.21289062,0.19726562,0.27539062
UI/VFEI2_Insectoids,138,290,64,64,0.13476562,0.28320312,0.19726562,0.34570312
UI/VF_Vehicles,138,362,64,64,0.13476562,0.35351562,0.19726562,0.41601562
UI/VR_Artifice,138,434,64,64,0.13476562,0.42382812,0.19726562,0.48632812
UI/Zone,138,506,64,64,0.13476562,0.49414062,0.19726562,0.55664062
UI/skylights,138,578,64,64,0.13476562,0.56445312,0.19726562,0.62695312
UI/wrongsign,138,650,64,64,0.13476562,0.63476562,0.19726562,0.69726562
